ElapsedTime,TaskNumber,TargetNumber
127.7591736,0,3
128.5003055,0,8
129.3738373,0,4
130.202995,0,9
131.4996258,0,5
132.8189896,0,1
133.7484427,0,6
134.4337557,0,2
135.3211228,0,7
213.8914286,1,5
215.2082501,1,1
215.9224531,1,6
216.638084,1,2
217.3648652,1,7
218.086057,1,3
218.8043292,1,8
219.5903057,1,4
220.3704588,1,9
