ElapsedTime,TaskNumber,TargetNumber
16.8708041,0,7
19.7500172,0,2
23.0460744,0,6
26.4818503,0,1
28.8943202,0,5
37.6408224,0,9
42.4764849,0,4
45.4436572,0,8
51.2413531,0,3
80.3529864,1,9
82.1551211,1,4
84.2962165,1,8
86.452214,1,3
87.8932525,1,7
90.0959102,1,2
92.1233474,1,6
94.2434703,1,1
95.9473909,1,5