ElapsedTime,TaskNumber,TargetNumber
3.8815538,0,3
4.5238116,0,7
5.339503,0,2
6.2526376,0,6
6.9212638,0,1
7.7680802,0,5
8.46865,0,9
9.1030663,0,4
9.7186221,0,8
