ElapsedTime,TaskNumber,TargetNumber
5.7843224,0,8
7.1211194,0,4
8.5729347,0,9
9.8817498,0,5
11.3896722,0,1
13.182073,0,6
15.5644865,0,2
17.7488857,0,7
33.1234449,0,3
36.2942626,1,9
37.0625814,1,5
38.1297965,1,1
39.2645993,1,6
40.3271736,1,2
41.79408,1,7
42.6010615,1,3
43.9133579,1,8
44.9658426,1,4
