ElapsedTime,TaskNumber,TargetNumber
7.1430313,0,6
9.1326247,0,1
11.7196602,0,5
