ElapsedTime,TaskNumber,TargetNumber
8.5449141,0,8
9.5434151,0,3
11.0892778,0,7
12.2404999,0,2
15.0719453,0,6
16.3730237,0,1
17.3544367,0,5
18.3718062,0,9
19.2711583,0,4
21.7216199,1,3
23.6225966,1,8
24.7378072,1,4
25.8846884,1,9
26.799935,1,5
27.8530223,1,1
29.2499065,1,6
59.840264,1,2
61.0909468,1,7
68.1030108,2,4
