ElapsedTime,TaskNumber,TargetNumber
57.2640662,0,9
59.111689,0,5
60.5739897,0,1
61.6140731,0,6
62.5078423,0,2
63.6015883,0,7
64.5622948,0,3
65.6365693,0,8
66.687322,0,4
