ElapsedTime,TaskNumber,TargetNumber
109.408012,0,4
110.1980244,0,9
111.1949474,0,5
112.5020932,0,1
123.8132098,0,6
126.5840504,0,2
130.139508,0,7
130.9757433,0,3
131.5782918,0,8
