ElapsedTime,TaskNumber,TargetNumber
3.1927976,0,4
2.3199273,0,6
3.8680519,0,1
6.0959426,0,5
7.2539658,0,9
7.9479506,0,4
8.9163183,0,8
9.5807107,0,3
10.7016445,0,7
11.521804,0,2
14.9093193,1,4
15.9620998,1,9
16.7285707,1,5
17.9433557,1,1
18.8639369,1,6
21.2661714,1,2
24.0290947,1,7
25.8585743,1,3
26.6774756,1,8
