ElapsedTime,TaskNumber,TargetNumber
4.5629898,0,6
5.7269155,0,2
6.8068687,0,7
7.9631749,0,3
