ElapsedTime,TaskNumber,TargetNumber
8.0420485,0,7
9.057523,0,2
9.7995562,0,6
11.1564441,0,1
11.8830514,0,5
12.583099,0,9
13.7214481,0,4
14.7299906,0,8
17.0402452,0,3
63.6032128,1,6
64.9561111,1,2
66.1104779,1,7
67.0193102,1,3
68.0720803,1,8
68.7097499,1,4
70.0058065,1,9
71.0015175,1,5
72.5132073,1,1
84.457179,2,9
87.3817125,2,5
88.931104,2,1
90.0965835,2,6
91.1521876,2,2
93.264776,2,7
94.577651,2,3
